Employee ID,Name,Region,Product,Deals Closed,Total Sales (INR)
EMP1001,Aarav Rathod,West,Software,60,2429400
EMP1002,Kavya Vyas,North,Services,59,9777700
EMP1003,Vihaan Chauhan,West,Services,78,7987900
EMP1004,Rahul Singh,West,Software,18,4442600
EMP1005,Hardik Bhatt,South,Software,147,3430000
EMP1006,Payal Singh,North,Services,139,4425100
EMP1007,Dhruv Reddy,West,Consumables,148,4679700
EMP1008,Chirag Parmar,North,Hardware,28,3819300
EMP1009,Rohan Chauhan,North,Services,73,3281700
EMP1010,Jay Nair,North,Software,70,3143800
EMP1011,Pratik Modi,North,Services,152,7707400
EMP1012,Arjun Iyer,West,Services,62,2197500
EMP1013,Karan Mehta,West,Software,151,3239800
EMP1014,Deepak Bhatt,West,Software,29,1524300
EMP1015,Parth Shah,North,Software,153,
EMP1016,Aditi Rathod,West,Consumables,73,9081200
EMP1017,Riya Jain,West,Hardware,94,7094100
EMP1018,Priya Desai,South,Software,147,2154900
EMP1019,Karan Bhatt,West,Consumables,85,7324500
EMP1020,Jay Bhatt,South,Services,123,4632400
EMP1021,Krina Verma,South,Software,89,5336600
EMP1022,Jay Joshi,West,Consumables,47,3115400
EMP1023,Tushar Dave,West,Consumables,128,2967300
EMP1024,Payal Thakkar,South,Consumables,71,8942500
EMP1025,Bhavna Mehta,East,Hardware,116,2465700
EMP1026,Anjali Nair,North,Services,109,2966400
EMP1027,Swati Rathod,East,Hardware,42,2535900
EMP1028,Manish Reddy,South,Consumables,117,2321000
EMP1029,Dhruv Joshi,North,Hardware,37,4248900
EMP1030,Raj Reddy,South,Services,163,1633100
EMP1031,Vivek Shah,North,Consumables,49,4003400
EMP1032,Riya Rathod,South,Hardware,81,4560700
EMP1033,Divya Dave,North,Services,12,3775200
EMP1034,Arjun Gupta,East,Services,113,1988100
EMP1035,Raj Chauhan,South,Hardware,,3583600
EMP1036,Jay Verma,East,Hardware,,4127400
EMP1037,Ananya Jain,South,Consumables,122,2997900
EMP1038,Riya Shah,West,Services,73,2452900
EMP1039,Parth Dave,North,Software,170,2793500
EMP1040,Nikhil Chauhan,West,Hardware,82,1954000
EMP1041,Raj Iyer,East,Software,20,
EMP1042,Disha Solanki,South,Software,130,4199500
EMP1043,Meera Sharma,South,Hardware,115,4770900
EMP1044,Sneha Chauhan,North,Consumables,23,3791900
EMP1045,Mehul Vyas,South,Consumables,17,4234300
EMP1046,Chirag Sharma,West,Services,79,3757700
EMP1047,Hetal Modi,West,Consumables,139,3120400
EMP1048,Ananya Parmar,East,Consumables,58,7003400
EMP1049,Vivek Pandya,West,Hardware,19,2856600
EMP1050,Mehul Reddy,North,Services,169,6843500
EMP1051,Mansi Mehta,North,Services,33,10770400
EMP1052,Kavya Dave,South,Consumables,56,
EMP1053,Harsh Mehta,South,Software,83,4731400
EMP1054,Ananya Chauhan,North,Services,,3679300
EMP1055,Divya Singh,West,Consumables,158,2151000
EMP1056,Disha Joshi,West,Services,75,2386100
EMP1057,Sneha Rathod,North,Services,111,3510700
EMP1058,Nikhil Nair,West,Hardware,16,2771000
EMP1059,Aditi Gupta,South,Software,147,5758000
EMP1060,Deepak Singh,South,Hardware,65,2694900
EMP1061,Amit Dave,West,Hardware,92,2431200
EMP1062,Arjun Joshi,West,Consumables,39,5131600
EMP1063,Pratik Thakkar,West,Consumables,33,2932700
EMP1064,Aditi Parmar,North,Hardware,153,2472700
EMP1065,Rahul Chauhan,South,Consumables,46,3908300
EMP1066,Arjun Rathod,South,Hardware,22,2149100
EMP1067,Nikhil Thakkar,South,Consumables,180,3146400
EMP1068,Mehul Nair,South,Consumables,173,
EMP1069,Sneha Desai,North,Consumables,30,8063000
EMP1070,Divya Solanki,East,Hardware,,2106900
EMP1071,Nikhil Verma,West,Services,90,3705300
EMP1072,Sanjay Mehta,North,Software,83,3536700
EMP1073,Deepak Mehta,South,Hardware,125,
EMP1074,Amit Jain,West,Services,109,5333000
EMP1075,Payal Solanki,South,Hardware,30,4193200
EMP1076,Karan Parmar,South,Software,118,1856700
EMP1077,Ananya Vyas,West,Software,96,10721900
EMP1078,Rahul Pandya,West,Hardware,166,2973200
EMP1079,Payal Rathod,North,Services,138,6076300
EMP1080,Riya Verma,South,Software,31,7416400
EMP1081,Pratik Mehta,West,Software,,5881800
EMP1082,Isha Joshi,West,Software,,9773000
EMP1083,Kunal Nair,East,Consumables,147,3059700
EMP1084,Manish Modi,West,Services,21,11948300
EMP1085,Swati Solanki,South,Consumables,85,7863900
EMP1086,Vihaan Verma,West,Software,94,
EMP1087,Shruti Rathod,North,Consumables,120,3777000
EMP1088,Parth Parmar,North,Services,121,1847000
EMP1089,Dhruv Dave,South,Services,90,
EMP1090,Divya Desai,West,Services,135,3826700
EMP1091,Rohan Joshi,West,Services,,3779600
EMP1092,Karan Kapoor,West,Hardware,32,9155000
EMP1093,Raj Pandya,East,Hardware,,3984400
EMP1094,Tushar Joshi,North,Services,74,6512200
EMP1095,Deepak Nair,West,Services,20,4117200
EMP1096,Arjun Shah,South,Services,72,3448700
EMP1097,Sneha Thakkar,West,Consumables,104,3404800
EMP1098,Amit Gupta,North,Hardware,157,1556900
EMP1099,Pooja Dave,West,Services,22,10823400
EMP1100,Hetal Iyer,South,Services,112,3013200